detecMovimiento(preprocess),extraccion y descipcion, correspondencias, homografia, convexidad y vertices, warp perspective, fps, fpspromedio 
0.00281501,0.119452,0.00243249,0.121961,1.0057e-05,0,3.49894,inf
0.00170126,0,0,0,0,0,54.9813,58.4802
0.00232808,0,0,0,0,0,51.3027,54.8915
0.00209558,0,0,0,0,0,44.049,51.2773
0.0016935,0,0,0,0,0,31.2032,46.2588
0.0117354,0,0,0,0,0,36.5431,44.3157
0.00167779,0,0,0,0,0,57.7203,46.5498
0.00158399,0,0,0,0,0,62.4999,48.8283
0.00166731,0,0,0,0,0,25.8351,45.9542
0.00168317,0,0,0,0,0,20.3054,43.1043
0.00168715,0,0,0,0,0,35.8279,42.3767
0.00268922,0,0,0,0,0,30.9465,41.3376
0.002143,0,0,0,0,0,54.7109,42.452
0.00172723,0,0,0,0,0,50.3041,43.056
0.0229978,0,0,0,0,0,24.7684,41.7498
0.00170258,0,0,0,0,0,40.1185,41.641
0.00185672,0,0,0,0,0,60.186,42.8001
0.0016495,0,0,0,0,0,29.5682,42.0217
0.0036399,0,0,0,0,0,38.1449,41.8064
0.00163581,0,0,0,0,0,36.1441,41.5083
0.00669844,0,0,0,0,0,39.3344,41.3996
0.00167011,0,0,0,0,0,45.5893,41.5991
0.00174316,0,0,0,0,0,48.9331,41.9325
0.00158008,0,0,0,0,0,50.8388,42.3197
0.00170216,0,0,0,0,0,60.5475,43.0792
0.00200052,0,0,0,0,0,37.0948,42.8399
0.00175028,0,0,0,0,0,51.1875,43.1609
0.00165872,0,0,0,0,0,48.8403,43.3713
0.00158525,0,0,0,0,0,55.3346,43.7985
0.00166326,0,0,0,0,0,49.222,43.9855
0.00162785,0,0,0,0,0,50.4669,44.2016
0.00220676,0,0,0,0,0,47.4067,44.305
0.00216849,0,0,0,0,0,57.5943,44.7203
0.00183675,0,0,0,0,0,52.315,44.9504
0.00235664,0,0,0,0,0,62.1231,45.4555
0.00353339,0,0,0,0,0,50.7742,45.6075
0.00271723,0,0,0,0,0,53.0394,45.8139
0.00203454,0,0,0,0,0,51.4746,45.9669
0.00160522,0,0,0,0,0,49.6403,46.0636
0.00170943,0,0,0,0,0,49.6502,46.1555
0.001728,0,0,0,0,0,51.2425,46.2827
0.00179945,0,0,0,0,0,57.5706,46.558
0.00160264,0,0,0,0,0,45.7269,46.5382
0.00163791,0,0,0,0,0,53.7897,46.7069
0.00182851,0,0,0,0,0,40.8415,46.5736
0.00191658,0,0,0,0,0,52.2824,46.7004
0.00164175,0,0,0,0,0,56.7988,46.92
0.00254815,0,0,0,0,0,42.3227,46.8221
0.0118327,0,0,0,0,0,24.9469,46.3664
0.00163784,0,0,0,0,0,39.052,46.2171
0.00166585,0,0,0,0,0,62.1738,46.5363
0.00166927,0,0,0,0,0,60.0671,46.8016
0.00875581,0,0,0,0,0,29.769,46.474
0.00157931,0,0,0,0,0,66.1416,46.8451
0.00159496,0,0,0,0,0,63.8976,47.1609
0.00159971,0,0,0,0,0,64.193,47.4706
0.0016208,0,0,0,0,0,62.3095,47.7356
0.0016208,0,0,0,0,0,66.3614,48.0623
0.00158232,0,0,0,0,0,66.1374,48.374
0.00158106,0,0,0,0,0,67.8196,48.7035
0.00158755,0,0,0,0,0,62.7946,48.9384
0.0016451,0,0,0,0,0,65.8633,49.2159
0.00158644,0,0,0,0,0,38.8002,49.0479
0.00315499,0,0,0,0,0,20.0848,48.5881
0.00182292,0,0,0,0,0,45.6667,48.5425
0.00172172,0,0,0,0,0,52.4852,48.6031
0.00173338,0,0,0,0,0,52.8656,48.6677
0.00166068,0,0,0,0,0,51.9566,48.7168
0.00171836,0,0,0,0,0,50.5972,48.7445
0.00158518,0,0,0,0,0,66.9471,49.0083
0.00171061,0,0,0,0,0,58.6854,49.1465
0.00168862,0,0,0,0,0,58.3085,49.2756
0.00175971,0,0,0,0,0,39.8123,49.1441
0.00196099,0,0,0,0,0,35.2821,48.9542
0.00170677,0,0,0,0,0,58.3223,49.0808
0.00160187,0,0,0,0,0,54.7824,49.1568
0.00199619,0,0,0,0,0,47.6306,49.1368
0.00186838,0,0,0,0,0,59.805,49.2753
0.00160215,0,0,0,0,0,53.186,49.3255
0.00354135,0,0,0,0,0,43.0198,49.2456
0.00206149,0,0,0,0,0,51.6635,49.2759
0.0020617,0,0,0,0,0,55.9121,49.3578
0.00223177,0,0,0,0,0,43.0331,49.2807
0.00212435,0,0,0,0,0,53.0334,49.3259
0.00218365,0,0,0,0,0,53.3708,49.374
0.00175713,0,0,0,0,0,49.0918,49.3707
0.00199955,0,0,0,0,0,47.5717,49.3498
0.00164398,0,0,0,0,0,52.345,49.3842
0.00208936,0,0,0,0,0,53.1658,49.4272
0.00171501,0,0,0,0,0,50.2083,49.436
0.00173799,0,0,0,0,0,53.7057,49.4834
0.00202371,0,0,0,0,0,52.8489,49.5204
0.00217526,0,0,0,0,0,45.6871,49.4787
0.00601358,0,0,0,0,0,43.2416,49.4117
0.00230377,0,0,0,0,0,54.3656,49.4644
0.00167583,0,0,0,0,0,53.7084,49.509
0.00199235,0,0,0,0,0,43.5026,49.4465
0.00165733,0,0,0,0,0,64.9394,49.6062
0.00213371,0,0,0,0,0,52.2167,49.6328
0.00179051,0,0,0,0,0,44.4481,49.5805
0.00176348,0,0,0,0,0,39.1727,49.4764
0.00215403,0,0,0,0,0,50.0705,49.4823
0.00208105,0,0,0,0,0,51.2063,49.4992
0.00237208,0,0,0,0,0,44.5459,49.4511
0.00158783,0,0,0,0,0,62.012,49.5718
0.00162694,0,0,0,0,0,50.236,49.5782
0.00191895,0,0,0,0,0,44.7087,49.5322
0.00183346,0,0,0,0,0,63.2434,49.6604
0.00203146,0,0,0,0,0,62.4069,49.7784
0.00735774,0,0,0,0,0,46.0109,49.7438
0.00181489,0,0,0,0,0,55.2398,49.7938
0.00242229,0,0,0,0,0,43.5405,49.7375
0.00185421,0,0,0,0,0,55.0268,49.7847
0.00166571,0,0,0,0,0,57.7068,49.8548
0.00252119,0,0,0,0,0,47.117,49.8308
0.00220446,0,0,0,0,0,42.1246,49.7638
0.00231334,0,0,0,0,0,50.7871,49.7726
0.00198181,0,0,0,0,0,26.9404,49.5774
0.00216311,0,0,0,0,0,43.9714,49.5299
0.00158727,0,0,0,0,0,61.3301,49.6291
0.00165767,0,0,0,0,0,56.4753,49.6861
0.00166068,0,0,0,0,0,55.857,49.7371
0.00162464,0,0,0,0,0,63.0675,49.8464
0.00170691,0,0,0,0,0,61.1852,49.9386
0.00162024,0,0,0,0,0,65.4705,50.0639
0.00199501,0,0,0,0,0,39.1161,49.9763
0.00169448,0,0,0,0,0,60.802,50.0622
0.00179673,0,0,0,0,0,52.1019,50.0783
0.00173436,0,0,0,0,0,65.6817,50.2002
0.00167891,0,0,0,0,0,50.1004,50.1994
0.00166515,0,0,0,0,0,53.3728,50.2238
0.00167855,0,0,0,0,0,53.4906,50.2487
0.0022502,0,0,0,0,0,43.2077,50.1954
0.00184729,0,0,0,0,0,60.2223,50.2708
0.00207749,0,0,0,0,0,42.834,50.2153
0.00210305,0,0,0,0,0,55.528,50.2546
0.00168317,0,0,0,0,0,55.3032,50.2918
0.0016312,0,0,0,0,0,56.715,50.3386
0.00160033,0,0,0,0,0,42.6242,50.2827
0.00178388,0,0,0,0,0,46.5594,50.256
0.00169259,0,0,0,0,0,43.6875,50.209
0.00247432,0,0,0,0,0,46.305,50.1813
0.00159349,0,0,0,0,0,61.8118,50.2633
0.00160529,0,0,0,0,0,56.6568,50.308
0.00165914,0,0,0,0,0,53.7235,50.3317
0.00188612,0,0,0,0,0,52.8623,50.3491
0.00212358,0,0,0,0,0,44.6749,50.3103
0.00165977,0,0,0,0,0,46.6117,50.2851
0.00166263,0,0,0,0,0,41.0357,50.2226
0.0016898,0,0,0,0,0,50.2637,50.2229
0.00171019,0,0,0,0,0,58.6928,50.2794
0.00215871,0,0,0,0,0,57.14,50.3248
0.0020939,0,0,0,0,0,58.0318,50.3755
0.00170964,0,0,0,0,0,56.5133,50.4156
0.00185134,0,0,0,0,0,59.3648,50.4737
0.00168309,0,0,0,0,0,57.3988,50.5184
0.0016217,0,0,0,0,0,54.2566,50.5424
0.00163665,0,0,0,0,0,28.3583,50.4011
0.00568163,0,0,0,0,0,39.2802,50.3307
0.00161263,0,0,0,0,0,57.2507,50.3742
0.00170321,0,0,0,0,0,52.955,50.3903
0.00164077,0,0,0,0,0,58.6616,50.4417
0.00225614,0,0,0,0,0,44.4764,50.4049
0.00181537,0,0,0,0,0,50.0854,50.4029
0.00167479,0,0,0,0,0,38.3272,50.3293
0.00178094,0,0,0,0,0,59.1405,50.3827
0.00212938,0,0,0,0,0,54.2804,50.4062
0.00196588,0,0,0,0,0,56.715,50.4439
0.00271311,0,0,0,0,0,44.8733,50.4108
0.00198858,0,0,0,0,0,48.4779,50.3994
0.00165565,0,0,0,0,0,55.3557,50.4285
0.00163749,0,0,0,0,0,59.1998,50.4798
0.00181866,0,0,0,0,0,57.5374,50.5208
0.00160404,0,0,0,0,0,55.2456,50.5481
0.00194696,0,0,0,0,0,36.948,50.47
0.0020631,0,0,0,0,0,29.7081,50.3513
0.00209432,0,0,0,0,0,50.5691,50.3526
0.00356252,0,0,0,0,0,47.3596,50.3357
0.00162736,0,0,0,0,0,52.7035,50.349
0.00171795,0,0,0,0,0,51.2194,50.3538
0.0015893,0,0,0,0,0,58.1291,50.397
0.00173373,0,0,0,0,0,59.2625,50.446
0.00158902,0,0,0,0,0,55.651,50.4746
0.00175475,0,0,0,0,0,50.6302,50.4755
0.00167856,0,0,0,0,0,51.5841,50.4815
0.00171976,0,0,0,0,0,58.1702,50.523
0.00223519,0,0,0,0,0,57.4059,50.5601
0.00209229,0,0,0,0,0,50.4056,50.5592
0.00162506,0,0,0,0,0,54.8311,50.5819
0.0022574,0,0,0,0,0,45.4505,50.5548
0.00196078,0,0,0,0,0,52.4662,50.5649
0.00237396,0,0,0,0,0,49.1954,50.5577
0.00164329,0,0,0,0,0,58.0518,50.5967
0.00199947,0,0,0,0,0,55.2267,50.6207
0.002407,0,0,0,0,0,48.9428,50.6121
0.00178918,0,0,0,0,0,52.2954,50.6207
0.00205221,0,0,0,0,0,45.4795,50.5945
0.00168694,0,0,0,0,0,56.3788,50.6238
0.00170272,0,0,0,0,0,57.87,50.6604
0.00170796,0,0,0,0,0,43.4557,50.6242
0.00174623,0,0,0,0,0,56.7765,50.655
0.00211548,0,0,0,0,0,51.6178,50.6598
0.00175943,0,0,0,0,0,45.4914,50.6342
0.00169015,0,0,0,0,0,62.5539,50.6929
0.00173443,0,0,0,0,0,55.8221,50.718
0.00171033,0,0,0,0,0,55.7072,50.7424
0.00158951,0,0,0,0,0,57.8804,50.777
0.00233576,0,0,0,0,0,47.7967,50.7626
0.00205996,0,0,0,0,0,50.3627,50.7607
0.00162904,0,0,0,0,0,61.6483,50.8128
0.00160976,0,0,0,0,0,63.8772,50.875
0.00168889,0,0,0,0,0,43.6738,50.8409
0.00166871,0,0,0,0,0,48.2137,50.8285
0.00196581,0,0,0,0,0,59.0522,50.8671
0.0019501,0,0,0,0,0,65.9596,50.9376
0.00159391,0,0,0,0,0,66.3089,51.0091
0.00166277,0,0,0,0,0,67.4586,51.0853
0.00174316,0,0,0,0,0,64.4782,51.147
0.00161458,0,0,0,0,0,66.4055,51.217
0.00158197,0,0,0,0,0,68.3568,51.2953
0.00158623,0,0,0,0,0,31.7298,51.2063
0.00182369,0,0,0,0,0,25.4213,51.0896
0.00159098,0,0,0,0,0,30.8425,50.9984
0.00163023,0,0,0,0,0,27.0184,50.8909
0.00157792,0,0,0,0,0,29.0209,50.7933
0.00163421,0,0,0,0,0,26.259,50.6842
0.0015907,0,0,0,0,0,30.3454,50.5942
0.00163211,0,0,0,0,0,26.5944,50.4885
0.00159042,0,0,0,0,0,30.7834,50.4021
0.00164468,0,0,0,0,0,29.9968,50.313
0.00195066,0,0,0,0,0,25.7566,50.2062
0.00163016,0.0115116,4.6025e-05,0.121961,0,0,21.6235,50.0825
0.00158232,0.0150755,4.5257e-05,0.121961,0,0,24.0454,49.9702
0.0015849,0.0201927,5.6781e-05,0.121961,0,0,25.7526,49.8663
0.00159398,0.0142071,4.2952e-05,0.121961,0,0,31.3776,49.7873
0.00158707,0.0105023,4.9308e-05,0.121961,0,0,33.2348,49.7169
0.00158113,0,0,0,0,0,37.1901,49.6638
0.00164406,0.0149675,6.7885e-05,0.121961,0,0,19.4401,49.5363
0.00227367,0,0,0,0,0,46.933,49.5253
0.00200122,0.00700651,7.2425e-05,0.121961,0,0,35.5365,49.4668
0.0016194,0,0,0,0,0,56.6086,49.4965
0.00167199,0,0,0,0,0,56.2111,49.5244
0.00170447,0.0365429,0.00115454,0.00646873,2.724e-06,0,16.3039,49.3871
0.00199878,0,0,0,0,0,56.0976,49.4147
0.00280844,0,0,0,0,0,50.6357,49.4198
0.00163169,0.00516166,7.885e-05,0.00646873,0,0,41.9041,49.3891
0.00171718,0,0,0,0,0,54.8067,49.4111
0.0016926,0.0193565,7.4869e-05,0.00646873,0,0,27.0871,49.3207
0.00159342,0.00961165,0.00013172,0.00646873,0,0,34.3219,49.2602
0.00178653,0.0174826,6.9771e-05,0.00646873,0,0,28.1889,49.1756
0.0018079,0.0305091,0.00102869,0.00809058,3.352e-06,0,17.4374,49.0487
0.00163134,0.0328272,0.000826496,0.00209495,3.143e-06,0,18.3412,48.9263
0.00158909,0.0309098,6.9631e-05,0.00209495,0,0,20.942,48.8153
0.00161703,0.0517243,0.00120867,0.00712559,2.444e-06,0,13.1201,48.6742
0.0016824,0.0453034,0.00147022,0.0363814,3.003e-06,0,9.79412,48.5211
0.00157449,0.0544066,0.00503469,0.139854,6.077e-06,0.00893524,4.43607,48.3482
0.00163211,0.0593047,0.0058512,0.122612,3.073e-06,0.00882935,4.64784,48.1775
0.0048802,0.0585795,0.00439907,0.122505,3.631e-06,0.00881916,4.65211,48.0082
0.00205863,0.079051,0.00540729,0.154827,2.933e-06,0.00895207,3.69352,47.8364
0.0016539,0.0659012,0.00608796,0.123103,3.701e-06,0.0088772,4.38776,47.6686
0.00171438,0.067328,0.00385969,0.123571,2.584e-06,0,4.57427,47.5029
0.0023734,0.0662699,0.00287402,0.121252,2.515e-06,0,4.68698,47.3389
0.00164392,0.0737347,0.00646427,0.0768075,3.422e-06,0.00917598,5.36009,47.1786
0.00164643,0.111497,0.00487385,0.124104,3.213e-06,0,3.79716,47.0137
0.00164587,0.0928571,0.0065962,0.0672363,3.423e-06,0.0089337,5.09139,46.8549
0.00155634,0.0671282,0.00334712,0.134862,2.933e-06,0,4.49946,46.6951
0.00162129,0.073297,0.00623638,0.0348262,3.632e-06,0.00898915,7.0363,46.546
0.0016502,0.0700872,0.00515838,0.0940178,3.283e-06,0.00893139,5.02149,46.3904
0.00161877,0.0722633,0.00570887,0.0235302,3.003e-06,0.00890667,7.74516,46.2462
0.00161263,0.0834989,0.00422586,0.123515,3.632e-06,0.00923255,4.1834,46.0899
0.00176998,0.0803675,0.00616758,0.0128009,2.934e-06,0.00880889,7.81042,45.9481
0.00166584,0.0787822,0.00589541,0.0175753,2.863e-06,0.00873675,7.73651,45.8071
0.00164405,0.0869194,0.00640099,0.00766322,2.584e-06,0.00938152,7.68669,45.6669
0.00158797,0.0919224,0.00319864,0.122577,2.654e-06,0,4.21534,45.5151
0.00160243,0.0999217,0.00416112,0.122496,2.863e-06,0,4.14175,45.3641
0.00171438,0.10935,0.00584645,0.116958,3.353e-06,0.00921697,3.83828,45.2131
0.00160669,0.098147,0.00329,0.14908,2.724e-06,0,3.70292,45.0627
0.00159244,0.120153,0.00622597,0.105073,3.772e-06,0,3.95557,44.9143
0.00201882,0.107289,0.00591189,0.105857,2.864e-06,0.00918707,4.02267,44.7672
0.00206813,0.102321,0.00551331,0.0657647,3.142e-06,0,5.19224,44.6254
0.00160494,0.109179,0.00686626,0.0228633,3.143e-06,0.00918107,6.02573,44.4875
0.00159091,0.118725,0.00574833,0.0987365,3.073e-06,0.009131,3.99442,44.3434
0.0015768,0.108414,0.00645079,0.0209412,3.212e-06,0.00915984,6.11812,44.2079
0.00159573,0.111577,0.00676444,0.00687821,3.073e-06,0.00915943,6.50754,44.0746
0.00327742,0.108562,0.00624538,0.0322705,3.213e-06,0.00914441,5.64191,43.9393
0.00155152,0.113172,0.00676528,0.0121235,2.933e-06,0.00916026,6.31916,43.8073
0.00159887,0.115897,0.00657525,0.0221331,3.073e-06,0,6.15036,43.6756
0.00185875,0.113102,0.00645344,0.018345,3.073e-06,0.00913274,6.06557,43.5446
0.00156898,0.10439,0.00637997,0.0556096,3.142e-06,0,5.41905,43.4122
0.00158204,0.0891935,0.00590072,0.0533196,3.212e-06,0.00959349,5.64401,43.2815
0.00174428,0.0887197,0.0061849,0.0576868,3.771e-06,0.00867871,5.5292,43.1514
0.00195876,0.0875584,0.00665577,0.0440963,3.353e-06,0.00891247,6.06973,43.0239
0.00176942,0.0915011,0.00687088,0.0225808,3.701e-06,0.00885617,6.7844,42.8998
0.00159272,0.0939343,0.00665975,0.0244926,3.562e-06,0.00893104,6.56892,42.7758
0.00193012,0.0992038,0.00626243,0.0353577,3.003e-06,0.00885485,5.8958,42.6504
0.0019795,0.101171,0.00655876,0.0734747,3.632e-06,0.00906004,4.74539,42.5219
0.00550688,0.109568,0.0069139,0.0272473,2.933e-06,0.00876112,5.654,42.3973
0.00155906,0.101756,0.00676095,0.013674,3.003e-06,0.00874869,6.73278,42.2773
0.00179777,0.107939,0.0065054,0.0475693,2.514e-06,0,5.55235,42.154
0.00200248,0.102833,0.00706071,0.0158232,3.282e-06,0.00876622,6.55175,42.0349
0.00159321,0.106633,0.00717776,0.0177249,3.422e-06,0,6.67219,41.9171
0.00162604,0.114097,0.00666653,0.0739633,4.051e-06,0.00878354,4.29058,41.7921
0.00162185,0.103515,0.0067057,0.121635,5.099e-06,0.00904747,3.81584,41.6663
0.00171474,0.123126,0.00682729,0.0813732,2.724e-06,0.00898776,4.18673,41.5426
0.0019957,0.0948519,0.0067629,0.0737225,3.282e-06,0.00898042,4.84736,41.4219
0.00559112,0.138743,0.00693806,0.123346,3.003e-06,0.00881057,3.32562,41.297
0.00224909,0.0896496,0.00688422,0.062815,4.051e-06,0.00941225,5.26865,41.1793
0.00162464,0.094714,0.00204927,0.0831272,2.934e-06,0,4.92593,41.0612
0.00159628,0.0932008,0.00271667,0.122425,3.143e-06,0,4.1866,40.9415
0.00193948,0.107026,0.00641196,0.0189429,2.654e-06,0.00915147,6.1453,40.8288
0.00171236,0.0989173,0.00676325,0.00892986,2.863e-06,0.00912659,6.8518,40.7192
0.00162506,0.0973396,0.00640714,0.0296278,2.863e-06,0.00916557,6.16724,40.6081
0.00192677,0.113587,0.00365268,0.121759,2.514e-06,0,3.84793,40.4903
0.00382135,0.101177,0.00314053,0.122024,2.863e-06,0,4.00495,40.3738
0.00198202,0.135654,0.00103267,0.00535072,2.445e-06,0,6.172,40.2648
0.00488949,0.123405,0.00326897,0.122182,3.073e-06,0,3.74907,40.1489
0.00158574,0.116931,0.000797164,0.00170992,2.096e-06,0,7.21438,40.0447
0.00199717,0.114393,0.0026425,0.0949447,2.793e-06,0,4.23508,39.9317
0.00188584,0.113902,4.4419e-05,0.0949447,0,0,7.66417,39.8303
0.00157177,0.0899085,0.00137063,0.00380319,3.073e-06,0,8.92738,39.7334
0.00201184,0.0898197,0.00124652,0.0344676,2.933e-06,0,6.93779,39.6309
0.00202406,0.0707988,4.9307e-05,0.0344676,0,0,11.2468,39.5425
0.00164971,0.118901,0.00645861,0.0428364,3.492e-06,0.00857178,5.12405,39.4356
0.00161933,0.0910869,0.00389048,0.122901,2.864e-06,0.00860733,4.06077,39.3261
0.00240127,0.101743,0.00513757,0.122893,3.073e-06,0.00855104,3.89748,39.2167
0.0016032,0.106904,0.00430869,0.0574234,3.422e-06,0.00859917,5.09163,39.1117
0.00217408,0.0925984,0.00323063,0.122299,3.282e-06,0,4.21282,39.0047
0.00159139,0.0966639,0.006498,0.0163713,3.213e-06,0.00859092,6.63425,38.9057
0.00161793,0.114389,0.00677652,0.00876329,2.863e-06,0.00860461,6.28607,38.8062
0.00158169,0.106229,0.00633457,0.035331,3.562e-06,0.00860223,5.73994,38.7057
0.00159957,0.119247,0.00631634,0.0907789,3.073e-06,0.00858897,4.10305,38.6009
0.00160383,0.109442,0.00651916,0.037977,3.143e-06,0.00859825,5.4433,38.5007
0.00164727,0.0200689,0.000782708,0.00688491,4.33e-06,0,20.2597,38.4457
0.0016231,0.120896,0.00247803,0.0726426,2.724e-06,0,4.62867,38.3442
0.0019531,0.128184,0.000973163,0.00287053,2.375e-06,0,6.6903,38.2494
0.00182362,0.140836,0.00253474,0.0792907,2.585e-06,0,4.14554,38.1476
0.0015958,0.144323,0.00534066,0.128354,3.632e-06,0.00890422,3.2706,38.0438
0.00164839,0.114236,0.00507806,0.123765,3.004e-06,0.0132937,3.6209,37.9417
0.00171655,0.121678,0.00611534,0.123543,3.003e-06,0.00869191,3.59099,37.84
0.00165474,0.0713873,0.0058049,0.0964499,3.283e-06,0.00867745,4.92761,37.7429
0.00162534,0.126781,0.00628226,0.0519306,3.422e-06,0.00889277,4.64251,37.6456
0.00169364,0.12281,0.0021965,0.0725262,2.724e-06,0,4.61455,37.5487
0.00389,0.114329,0.00519337,0.0634687,2.654e-06,0.0085472,4.71662,37.4527
0.00168421,0.111778,0.00503399,0.0610969,2.933e-06,0.0085574,4.90432,37.3578
0.00193194,0.0973862,0.00535575,0.0458242,2.933e-06,0.00855795,5.66001,37.2657
0.001747,0.111299,0.00496471,0.0485808,2.933e-06,0.00861655,5.18677,37.1727
0.00157254,0,0,0,0,0,50.5612,37.2114
0.00171879,0.0185683,7.0399e-05,0.0485808,0,0.0087232,19.3017,37.1598
0.00195527,0.0509298,0.00263196,0.122342,3.143e-06,0,5.15977,37.0678
0.00166661,0.035279,0.00266897,0.122775,2.724e-06,0,5.5571,36.9775
0.00197328,0,0,0,0,0,52.4085,37.0216
0.00205849,0,0,0,0,0,41.1033,37.0333
0.00200164,0,0,0,0,0,52.9296,37.0784
0.00185442,0,0,0,0,0,55.5898,37.1309
0.00163693,0.0252209,0.00152435,0.120024,2.654e-06,0,6.15161,37.0434
0.00221214,0,0,0,0,0,52.8123,37.0878
0.00163058,0,0,0,0,0,46.4018,37.1139
0.00169336,0,0,0,0,0,37.4378,37.1148
0.0015819,0,0,0,0,0,55.5802,37.1664
0.00164873,0,0,0,0,0,53.0649,37.2107
0.00183493,0,0,0,0,0,43.2019,37.2274
0.00167912,0.080865,0.00424277,0.122096,2.374e-06,0,4.4524,37.1366
0.00225153,0.098014,0.00161507,0.136987,2.794e-06,0,3.84673,37.0446
0.00161011,0.103616,0.00137496,0.0406886,2.794e-06,0,6.06597,36.9593
0.00170922,0.0997437,0.00241566,0.122316,2.864e-06,0,4.0851,36.8689
0.0173983,0.113978,0.00420086,0.0652582,2.934e-06,0.00871943,4.34081,36.7798
0.00159377,0.101737,0.00650917,0.139658,3.282e-06,0.0103738,3.60629,36.6892
0.00186692,0.158614,0.00669872,0.0908748,3.422e-06,0.00889591,3.47002,36.5987
0.00164915,0,0,0,0,0,60.9611,36.6649
0.00233297,0,0,0,0,0,41.5126,36.678
0.00166654,0,0,0,0,0,49.7758,36.7134
0.00166654,0,0,0,0,0,47.2656,36.7419
0.00160411,0,0,0,0,0,55.9756,36.7936
0.00251846,0,0,0,0,0,46.3004,36.819
0.00159607,0,0,0,0,0,56.8927,36.8727
0.00180015,0,0,0,0,0,44.232,36.8923
0.00200653,0,0,0,0,0,34.0867,36.8849
0.00160068,0,0,0,0,0,49.645,36.9187
0.00242327,0,0,0,0,0,47.4045,36.9465
0.00173583,0,0,0,0,0,44.3007,36.9659
0.0018769,0,0,0,0,0,47.4115,36.9934
0.00160634,0,0,0,0,0,53.2651,37.0361
0.00169448,0,0,0,0,0,46.7509,37.0615
0.00166054,0,0,0,0,0,53.1604,37.1035
0.00165104,0,0,0,0,0,45.1083,37.1244
0.00162659,0,0,0,0,0,48.5694,37.1541
0.00169762,0,0,0,0,0,52.4603,37.1938
0.00171061,0,0,0,0,0,54.2215,37.2378
0.00195589,0,0,0,0,0,57.6997,37.2905
0.00200108,0,0,0,0,0,54.3564,37.3344
0.00165327,0,0,0,0,0,47.0235,37.3592
0.00163602,0,0,0,0,0,57.9444,37.4119
0.00160124,0,0,0,0,0,48.1949,37.4394
0.00159509,0,0,0,0,0,60.8717,37.499
0.00236006,0,0,0,0,0,50.3095,37.5315
0.0015826,0,0,0,0,0,55.374,37.5767
0.00167443,0,0,0,0,0,43.4386,37.5915
0.00172954,0,0,0,0,0,47.3772,37.6161
0.00161814,0,0,0,0,0,33.1896,37.605
0.00241426,0,0,0,0,0,35.3884,37.5995
0.00158406,0,0,0,0,0,49.4997,37.6292
0.00166249,0,0,0,0,0,43.8689,37.6448
0.00162261,0,0,0,0,0,50.3826,37.6764
0.00163658,0,0,0,0,0,47.3799,37.7005
0.00166961,0,0,0,0,0,56.9182,37.7481
0.00158958,0,0,0,0,0,60.3063,37.8038
0.00168205,0.0117508,7.9618e-05,0.0908748,0,0.00893384,24.009,37.7698
0.00403792,0.0146221,0.000125644,0.0908748,0,0.00901639,21.2382,37.7292
0.00173478,0,0,0,0,0,50.2535,37.7599
0.00162408,0.0154184,7.8361e-05,0.0908748,0,0.00893684,22.0139,37.7214
0.00160976,0.0159445,0.000133885,0.0908748,0,0.00945569,22.1823,37.6835
0.00178311,0,0,0,0,0,38.5357,37.6856
0.00216486,0.0141095,6.2298e-05,0.0908748,0,0.0139781,20.0521,37.6428
0.00180434,0,0,0,0,0,52.3013,37.6783
0.00167388,0,0,0,0,0,47.5464,37.7021
0.00211101,0,0,0,0,0,50.8518,37.7338
0.00360819,0,0,0,0,0,43.395,37.7474
0.0016567,0,0,0,0,0,48.6353,37.7735
0.00159789,0.0135407,0.000130532,0.0908748,0,0.012365,22.0385,37.7359
0.00183626,0,0,0,0,0,37.6593,37.7357
0.00202119,0,0,0,0,0,47.4361,37.7588
0.00211318,0,0,0,0,0,36.0701,37.7548
0.00167381,0,0,0,0,0,46.6677,37.7759
0.00175741,0.0161945,7.3682e-05,0.0908748,0,0.0185833,18.9988,37.7315
0.00175412,0,0,0,0,0,54.8914,37.772
0.00205961,0.115433,0.00645449,0.125803,3.562e-06,0.00880561,3.53832,37.6914
0.00161319,0.0518919,0.00538781,0.124068,3.283e-06,0.00883166,4.74426,37.6141
0.00161277,0.0359952,0.00315737,0.122537,2.724e-06,0,5.09025,37.5379
0.00169294,0.0992696,0.00405294,0.121861,2.724e-06,0,4.0877,37.4598
0.00160425,0.108221,0.00394468,0.121996,2.374e-06,0,3.99248,37.3817
0.00162834,0.110704,0.00664061,0.0467814,3.073e-06,0.00926496,5.21282,37.3069
0.00187334,0.112534,0.00718963,0.0386581,3.492e-06,0.00873445,5.39223,37.2329
0.00186392,0.116686,0.00627514,0.106376,3.143e-06,0.00871133,3.89879,37.1557
0.00194591,0.117123,0.00657483,0.0332982,3.282e-06,0.00871803,5.32305,37.0822
0.00206205,0,0,0,0,0,50.3451,37.1128
0.00165474,0.0899998,0.00648473,0.0424286,3.143e-06,0.00870078,5.94089,37.0411
0.0021731,0.136129,0.00323245,0.121853,3.283e-06,0,3.52611,36.9642
0.0015937,0.126518,0.000807361,0.00186762,2.235e-06,0,6.80814,36.8952
0.00173548,0.116188,0.00393009,0.123392,3.073e-06,0.00882796,3.68388,36.8194
0.00163917,0.10374,0.00153161,0.0769997,2.654e-06,0,4.94494,36.7468
0.00158336,0.107758,0.00691355,0.0532973,3.562e-06,0.00907359,5.10889,36.6749
0.00161165,0.0848813,0.0019061,0.124696,2.933e-06,0,4.38318,36.6017
0.0017051,0.0778189,0.00148168,0.0252135,3.352e-06,0,8.12823,36.5372
0.00160753,0.0989337,0.00450202,0.1241,3.142e-06,0.00872878,3.934,36.4636
0.00157924,0.104466,0.00659501,0.0413596,3.143e-06,0,5.90597,36.3948
0.00164985,0.113453,0.00628107,0.106694,3.562e-06,0.00875512,3.94695,36.3219
0.00158965,0.0916951,0.00216388,0.122236,2.515e-06,0,4.26552,36.25
0.00159538,0.0952403,0.000923855,0.0105987,2.933e-06,0,7.83717,36.1865
0.00176558,0.111899,0.00672554,0.121642,3.492e-06,0.00878187,3.75975,36.1141
0.00164922,0.0983721,0.00663237,0.103661,3.143e-06,0.00917437,4.23761,36.0431
0.00182313,0.110158,0.00646845,0.0601634,3.073e-06,0.00888928,4.85084,35.9738
0.00158637,0.109649,0.00378349,0.122834,2.724e-06,0,3.91014,35.9027
0.00268294,0.0983348,0.0063074,0.122243,3.003e-06,0.00875735,3.89014,35.8319
0.00175133,0.00958504,6.5161e-05,0.122243,0,0.00901353,25.5989,35.8093
0.00171613,0,0,0,0,0,55.4633,35.8526
0.00207106,0,0,0,0,0,46.1933,35.8753
0.00163358,0.0109103,0.00197531,0.083984,2.514e-06,0,8.66168,35.8156
0.00165111,0.0809364,0.00409477,0.122215,2.654e-06,0,4.47219,35.747
0.00159286,0.0439528,0.00291635,0.06916,2.654e-06,0,7.60469,35.6856
0.00166117,0.0805577,0.00370003,0.122015,3.073e-06,0.00869952,4.28102,35.6172
0.0018878,0.0845765,0.0039333,0.0495745,3.003e-06,0.00868765,5.95231,35.5527
0.00158001,0.0893505,0.00572402,0.0393762,3.213e-06,0.00904796,6.12291,35.4888
0.001587,0.090224,0.00626138,0.0299601,3.701e-06,0.00868632,6.37109,35.4258
0.00202671,0,0,0,0,0,52.0999,35.4618
0.0015768,0,0,0,0,0,60.049,35.5148
0.00226613,0.0969461,0.00619398,0.0426746,3.422e-06,0.0086998,5.63257,35.4505
0.00158658,0.0943222,0.00645148,0.0433885,3.143e-06,0.00871182,5.69739,35.3867
0.00210913,0.0750085,0.0064628,0.0230873,3.213e-06,0.00873081,7.38433,35.3267
0.00250568,0,0,0,0,0,46.2152,35.35
0.00172486,0,0,0,0,0,49.3047,35.3798
0.00165523,0,0,0,0,0,47.7168,35.406
0.00160292,0.0583172,0.00237285,0.122534,2.444e-06,0,4.98768,35.3414
0.00158706,0.0952597,0.00378621,0.102888,3.422e-06,0.00872069,4.33379,35.2757
0.0020124,0.0748293,0.00283386,0.122097,2.584e-06,0,4.53083,35.2107
0.00178632,0.047019,0.00228994,0.0615665,3.632e-06,0,7.64362,35.1526
0.00165823,0.0234232,0.000973931,0.0180403,2.724e-06,0,15.874,35.112
0.00198593,0.0891654,0.00572647,0.123023,3.702e-06,0.00899949,4.01842,35.0467
0.00171613,0.0775117,0.00610751,0.0706073,3.213e-06,0.00878019,5.39474,34.9845
0.00165809,0,0,0,0,0,56.0668,35.0286
0.00164992,0.0775552,0.00515028,0.12337,3.073e-06,0.00889857,4.25072,34.9643
0.00177242,0,0,0,0,0,57.186,35.0106
0.00171033,0,0,0,0,0,45.1466,35.0317
0.00220837,0,0,0,0,0,41.0273,35.0442
0.0017155,0,0,0,0,0,46.9724,35.0689
0.0063491,0,0,0,0,0,44.4425,35.0882
0.00176949,0.0204774,0.00126384,0.00531461,2.794e-06,0,21.2902,35.0598
0.00170999,0,0,0,0,0,43.657,35.0775
0.00169993,0,0,0,0,0,56.7726,35.122
0.00159726,0,0,0,0,0,54.8512,35.1624
0.00157869,0,0,0,0,0,44.597,35.1817
0.00262874,0,0,0,0,0,51.0884,35.2142
0.00157198,0,0,0,0,0,60.1179,35.2649
0.00166494,0.0276042,0.00208782,0.0488537,3.143e-06,0,10.5341,35.2146
0.00158462,0,0,0,0,0,53.9086,35.2526
0.00160739,0,0,0,0,0,52.5899,35.2877
0.00164007,0,0,0,0,0,61.74,35.3411
0.00180979,0,0,0,0,0,50.7459,35.3722
0.00163106,0,0,0,0,0,52.005,35.4056
0.00161842,0,0,0,0,0,57.8972,35.4508
0.00172479,0.0998098,0.00428718,0.123042,3.003e-06,0,4.09853,35.388
0.00161409,0.0888853,0.0027393,0.122864,2.864e-06,0,4.30609,35.3258
0.00159628,0.104483,0.00184177,0.0591057,2.653e-06,0,5.42779,35.2661
0.00192621,0.100274,0.00300099,0.0804726,2.654e-06,0,4.56431,35.205
0.00241,0.101811,0.00219831,0.0471301,2.374e-06,0,5.66142,35.1462
0.00156611,0.115093,0.00453609,0.125261,3.562e-06,0.00900591,3.63074,35.0837
0.00200709,0.0978049,0.00539074,0.062078,3.702e-06,0.0094251,5.17805,35.0245
0.00220271,0.0905403,0.00649912,0.0370761,3.282e-06,0.00882168,6.19168,34.9675
0.0015893,0.0826226,0.00643339,0.025271,3.911e-06,0.0087959,7.12367,34.9126
0.00153657,0.0951116,0.00667218,0.00744986,3.213e-06,0.00878613,7.38138,34.8584
0.00160515,0.0601995,0.00648969,0.012453,3.353e-06,0.00882041,9.46988,34.8085
0.00161563,0.0725711,0.00663321,0.0149871,3.422e-06,0.00876971,7.84098,34.7556
0.00205835,0,0,0,0,0,47.5081,34.7806
0.00171348,0.0759417,0.00652607,0.00847931,2.584e-06,0.008804,8.50427,34.7293
0.00157826,0,0,0,0,0,50.1783,34.7594
0.00165928,0,0,0,0,0,46.3541,34.7819
0.00160858,0,0,0,0,0,50.2462,34.812
0.00198132,0,0,0,0,0,50.6198,34.8426
0.00547462,0.0320991,6.6698e-05,0.00847931,0,0.00915642,13.6118,34.8015
0.00165781,0,0,0,0,0,48.2109,34.8274
0.00168868,0,0,0,0,0,40.143,34.8377
0.00165565,0,0,0,0,0,46.2131,34.8595
0.00163414,0,0,0,0,0,49.9049,34.8884
0.00210047,0,0,0,0,0,34.5517,34.8878
0.00192251,0.0887625,0.00453561,0.0938219,3.003e-06,0.008751,4.62746,34.8299
0.0015474,0.0780329,0.0022662,0.0828394,2.654e-06,0,5.54908,34.774
0.00157875,0.0836407,0.00159342,0.0203903,4.68e-06,0,8.10406,34.7232
0.00412536,0.103748,0.000768809,0.00644457,2.794e-06,0,7.43107,34.6713
0.00156835,0.105219,0.00148237,0.0134567,2.793e-06,0,7.2649,34.6193
0.00214097,0.103962,0.00102059,0.0031816,3.352e-06,0,7.84019,34.5686
0.0016231,0.097599,0.00183849,0.0382399,2.794e-06,0,6.52124,34.5156
0.00223889,0,0,0,0,0,55.0354,34.5543
0.00169706,0,0,0,0,0,51.5037,34.5862
0.00174553,0,0,0,0,0,55.1056,34.6248
0.00163763,0,0,0,0,0,54.8964,34.6628
0.00161724,0,0,0,0,0,52.3091,34.6959
0.00170838,0,0,0,0,0,51.6444,34.7276
0.00175622,0,0,0,0,0,59.4389,34.7737
0.00158727,0,0,0,0,0,61.016,34.8225
0.00186035,0,0,0,0,0,60.2846,34.8699
0.00197238,0,0,0,0,0,53.2198,34.9039
0.00206911,0,0,0,0,0,41.379,34.9159
0.00178821,0,0,0,0,0,51.2927,34.9462
0.00223645,0,0,0,0,0,49.9846,34.9739
0.00177445,0,0,0,0,0,49.3947,35.0005
0.0020682,0,0,0,0,0,62.2864,35.0506
0.00167527,0,0,0,0,0,50.4335,35.0789
0.00214572,0,0,0,0,0,50.8672,35.1078
0.00169993,0,0,0,0,0,50.3832,35.1357
0.00172507,0,0,0,0,0,53.6335,35.1695
0.00165174,0,0,0,0,0,41.0526,35.1802
0.00159775,0,0,0,0,0,62.2781,35.2294
0.00162694,0,0,0,0,0,52.9577,35.2616
0.00157603,0,0,0,0,0,67.7058,35.3204
0.00162946,0,0,0,0,0,54.543,35.3551
0.00157442,0,0,0,0,0,66.8543,35.412
0.0043666,0,0,0,0,0,28.0364,35.3987
0.00164168,0,0,0,0,0,56.8665,35.4373
0.00157833,0,0,0,0,0,66.7691,35.4936
0.00160229,0,0,0,0,0,62.4375,35.5419
0.00227025,0,0,0,0,0,49.1689,35.5662
0.00157778,0,0,0,0,0,63.5366,35.6162
0.00199424,0,0,0,0,0,51.7088,35.6449
0.00165691,0,0,0,0,0,61.5271,35.6909
0.00230224,0,0,0,0,0,48.655,35.714
0.00206785,0,0,0,0,0,58.8204,35.7549
0.00165586,0,0,0,0,0,51.5435,35.7829
0.00171592,0,0,0,0,0,49.8604,35.8077
0.00173163,0,0,0,0,0,34.0962,35.8047
0.00175238,0,0,0,0,0,52.2603,35.8337
0.00163442,0.036207,8.9745e-05,0.0382399,0,0,17.201,35.8009
0.00160885,0.0450769,0.000121035,0.0382399,0,0,15.9538,35.7661
0.00202085,0.0475197,0.000856808,0.0164431,2.584e-06,0,12.123,35.7247
0.00530805,0.0696899,0.00168924,0.0253084,3.073e-06,0,8.58294,35.6773
0.00207553,0.0672279,0.00152428,0.0203016,2.794e-06,0,9.18307,35.631
0.00778432,0.106837,0.0014242,0.0105504,2.863e-06,0,6.9456,35.5811
0.00163938,0.113377,0.000787736,0.022332,2.584e-06,0,6.47404,35.5304
0.00161668,0.111797,0.0015916,0.0987409,2.584e-06,0,4.3554,35.4763
0.0015659,0.119153,0.00393917,0.057201,3.003e-06,0.00855132,4.77072,35.4231
0.00157016,0.11979,0.0061541,0.0236629,3.073e-06,0.00850795,5.62572,35.3715
0.00991755,0.120003,0.00506703,0.0241878,2.515e-06,0.00849783,5.2201,35.3195
0.0026182,0.121373,0.00447631,0.0801721,3.143e-06,0.00843406,4.13704,35.2657
0.00159663,0.119443,0.00621912,0.0297957,3.003e-06,0.00843014,5.40894,35.2143
0.00157659,0.124146,0.00588731,0.0288793,2.793e-06,0.00842512,5.26704,35.1629
0.00164384,0.130152,0.00616534,0.012465,3.143e-06,0.00840933,5.71053,35.1123
0.00325661,0,0,0,0,0,55.8161,35.1478
0.00157407,0.115187,0.00600827,0.0106736,2.794e-06,0.00839571,6.34498,35.0986
0.00165153,0.0910381,0.00522228,0.0609791,3.003e-06,0.00837036,5.38549,35.0479
0.00163148,0.115397,0.0041489,0.0566757,2.863e-06,0.00838712,4.87912,34.9965
0.00155326,0.114965,0.00443566,0.0492368,3.283e-06,0.0084541,5.00062,34.9454
0.00158644,0.143463,0.00442966,0.0303485,3.143e-06,0.00861027,4.80049,34.8943
0.00158225,0.105475,0.00475274,0.0252138,2.514e-06,0.00852925,6.20381,34.8456
0.00167744,0.109592,0.00423194,0.081296,2.584e-06,0.00903197,4.42978,34.7942
0.00154299,0.122904,0.00207441,0.0369743,2.235e-06,0,5.49747,34.7447
0.00154677,0.0966651,0.0038175,0.124159,3.073e-06,0,4.12749,34.6931
0.00185358,0.0730366,0.00448239,0.123276,3.352e-06,0.00870909,4.37272,34.642
0.00182564,0,0,0,0,0,50.2993,34.6683
0.00172255,0,0,0,0,0,47.6279,34.6901
0.00164133,0.0843436,0.00328909,0.122824,2.724e-06,0,4.40236,34.6393
0.00159936,0.115807,0.00344693,0.108375,3.282e-06,0.0090319,3.90883,34.5879
0.00156325,0.127874,0.00532886,0.0156027,2.864e-06,0.00847862,5.6508,34.5396
0.00164189,0.161871,0.00100417,0.0188729,2.863e-06,0,4.80231,34.4901
0.00157512,0.106678,0.00218902,0.12247,2.444e-06,0,4.02157,34.4394
0.00156995,0.0963686,5.3079e-05,0.12247,0,0,8.66085,34.3966
0.00156311,0.126375,0.00207064,0.025783,3.213e-06,0,5.89438,34.3493
0.00162206,0,0,0,0,0,45.1403,34.3672
0.00171243,0,0,0,0,0,51.6559,34.3957
0.0018167,0,0,0,0,0,54.7881,34.4294
0.00160445,0,0,0,0,0,63.0912,34.4766
0.0016157,0.00471608,4.6025e-05,0.025783,0,0,45.0511,34.494
0.00166151,0.00821678,6.9003e-05,0.025783,0,0,37.7971,34.4994
0.00167562,0,0,0,0,0,59.312,34.5401
0.00198634,0.0415951,6.9282e-05,0.025783,0,0,16.1792,34.51
0.0016215,0.0801199,5.1403e-05,0.025783,0,0,10.323,34.4705
0.00169043,0.017984,6.8234e-05,0.025783,0,0,27.3113,34.4588
0.00162673,0.113444,0.000905628,0.000639044,3.142e-06,0,7.54051,34.415
0.00155068,0.0801241,5.0215e-05,0.000639044,0,0,10.3384,34.3759
0.00190351,0.0982506,6.4952e-05,0.000639044,0,0,8.5582,34.3339
0.0015168,0.118154,3.8552e-05,0.000639044,0,0,7.4953,34.2904
0.00187544,0.11024,3.7226e-05,0.000639044,0,0,7.84536,34.2477
0.00151101,0.111879,3.5898e-05,0.000639044,0,0,7.80031,34.2049
0.00156185,0.121865,5.1682e-05,0.000639044,0,0,7.22214,34.1614
0.00193466,0.125609,0.00124261,0.122739,2.933e-06,0,3.68513,34.1123
0.0019105,0.122711,0.0011419,0.0380757,2.584e-06,0,5.52663,34.0664
0.00158267,0.104411,0.00126566,0.0751631,2.724e-06,0,5.01728,34.0197
0.00193194,0.106988,0.00143279,0.121484,3.003e-06,0,4.07677,33.9718
0.00199473,0.0876089,0.00181503,0.0402096,2.654e-06,0,6.70579,33.9281
0.00195038,0.0712825,0.000858624,0.00675152,2.515e-06,0,10.4896,33.8907
0.00194933,0.100909,0.00132258,0.031335,2.724e-06,0,6.47715,33.847
0.00205654,0.115602,0.00476106,0.121411,3.073e-06,0.00887126,3.69955,33.799
0.00158651,0.119003,0.00516061,0.12253,3.004e-06,0,3.74539,33.7512
0.00162513,0.105989,0.0043374,0.115048,2.654e-06,0,4.08013,33.7041
0.00171285,0.115142,0.0067342,0.108588,2.934e-06,0.00888614,3.8642,33.6568
0.0016347,0,0,0,0,0,57.0615,33.6938
0.00164245,0.104599,0.00667015,0.121973,2.445e-06,0,3.98527,33.6469
0.00161619,0.116388,0.00661883,0.0748546,3.701e-06,0.00886882,4.39373,33.6008
0.00178122,0.114789,0.00417195,0.121947,3.003e-06,0.00884535,3.73194,33.5537
0.00159139,0.126948,0.00430423,0.1222,2.584e-06,0,3.68214,33.5068
0.00217247,0.0813013,0.00320542,0.122514,2.654e-06,0,4.45064,33.4611
0.00193802,0.0853864,0.00268266,0.122375,2.724e-06,0,4.35762,33.4155
0.00167842,0.0886164,0.00460908,0.121949,3.073e-06,0.0087908,4.0923,33.3696
0.00194109,0.0804743,0.00685663,0.0100563,3.562e-06,0.0087899,7.7484,33.3296
0.00164531,0.0789184,0.00639128,0.0224231,2.864e-06,0.0087848,7.38721,33.2891
0.00157973,0.0944505,0.00638067,0.0929988,2.863e-06,0.00885359,4.45082,33.2442
0.00195352,0.0929857,0.0111039,0.010901,3.492e-06,0.00924205,6.82128,33.2031
0.00153741,0.0996413,0.00700707,0.00653753,3.423e-06,0.00915328,7.06059,33.1625
0.00165411,0.0864579,0.00673699,0.0070672,2.864e-06,0.00953293,7.80725,33.1232
0.00164294,0.121567,0.00689833,0.00805077,3.003e-06,0.00889032,5.7736,33.0809
0.00159195,0.100472,0.00324683,0.123586,2.514e-06,0,4.05421,33.036
0.00201994,0.107955,0.00582438,0.122938,3.213e-06,0.00879814,3.70324,32.9907
0.00194018,0.0972764,0.00699331,0.0239417,3.283e-06,0.00880401,6.3484,32.9497
0.00222045,0.0894251,0.00664578,0.00714814,3.702e-06,0.00879856,7.57569,32.9107
0.00166312,0.0974159,0.00669593,0.0111195,3.073e-06,0.00875239,6.88189,32.8707
0.00164112,0.105585,0.00681605,0.00612491,3.422e-06,0.00867194,6.84402,32.8308
0.00161032,0.114582,0.00733686,0.00698284,3.143e-06,0.00885149,6.23018,32.79
0.00158427,0.114635,0.00671863,0.00658145,3.492e-06,0.00861648,6.45344,32.7497
0.00165041,0.0112113,0.00218288,0.015509,3.353e-06,0,19.3817,32.7293
0.0019105,0.00714927,0.00137084,0.001596,2.305e-06,0,32.0195,32.7283
0.00237382,0,0,0,0,0,41.3754,32.7414
0.00159817,0.107475,0.0071149,0.00717092,3.213e-06,0.0184433,5.97561,32.7007
0.00167255,0.0190314,0.00178479,0.0444196,2.724e-06,0,12.0142,32.6694
0.00164552,0,0,0,0,0,40.2544,32.6808
0.0022581,0,0,0,0,0,45.2631,32.6999
0.00164475,0,0,0,0,0,34.1425,32.7021
0.00196407,0.120894,0.00668503,0.00619021,2.654e-06,0.00860545,6.21574,32.6621
0.00159363,0.14054,0.00665326,0.0180958,3.213e-06,0.00866111,5.24565,32.6208
0.00220446,0.0988435,0.0067444,0.0094867,2.934e-06,0.00866844,6.87857,32.5821
0.00164294,0.0162162,0.00659082,0.109002,2.863e-06,0,6.63865,32.5432
0.00176187,0.0574031,0.00647307,0.0191819,3.283e-06,0.00865573,8.81477,32.5076
0.00197999,0.0541674,0.00644087,0.0125211,4.051e-06,0.00974329,9.45172,32.4731
0.00169203,0.108012,0.00673385,0.00534723,2.654e-06,0.00871887,6.68713,32.4345
0.00162003,0,0,0,0,0,58.6821,32.4737
0.0017405,0,0,0,0,0,47.7439,32.4965
0.00201896,0,0,0,0,0,45.4628,32.5157
0.00159391,0.108643,0.00694931,0.00417858,3.003e-06,0.00870434,6.87073,32.4776
0.00162373,0,0,0,0,0,51.5568,32.506
0.00170768,0.100302,0.00648501,0.00488886,3.003e-06,0.00910271,7.12774,32.4684
0.00168184,0,0,0,0,0,38.6099,32.4774
0.00198809,0,0,0,0,0,51.3901,32.5054
0.00204396,0,0,0,0,0,37.0577,32.5121
0.00161263,0,0,0,0,0,54.9359,32.5451
0.00162597,0,0,0,0,0,50.3554,32.5713
0.00166948,0,0,0,0,0,48.69,32.595
0.0022252,0,0,0,0,0,48.9571,32.619
0.00170971,0.0231826,0.00446381,0.105676,2.934e-06,0.00864819,6.02925,32.58
0.0016224,0,0,0,0,0,48.9286,32.6039
0.00165816,0,0,0,0,0,49.3848,32.6284
0.00165523,0,0,0,0,0,58.6026,32.6663
0.0016868,0,0,0,0,0,48.8397,32.6898
0.00157673,0,0,0,0,0,57.6497,32.7261
0.00225251,0.0115654,0.018615,0.00446053,3.213e-06,0,17.2485,32.7037
0.00172269,0,0,0,0,0,44.5553,32.7208
0.00160543,0,0,0,0,0,58.9203,32.7587
0.00164748,0,0,0,0,0,58.0414,32.7953
0.00165041,0,0,0,0,0,59.5663,32.8339
0.00193375,0,0,0,0,0,59.1013,32.8718
0.00198928,0,0,0,0,0,49.7834,32.8961
0.00193592,0,0,0,0,0,54.6746,32.9274
0.00224706,0,0,0,0,0,43.8849,32.9431
0.00163609,0,0,0,0,0,61.5271,32.9841
0.00169092,0,0,0,0,0,37.7658,32.9909
0.00179498,0,0,0,0,0,45.5205,33.0088
0.0016208,0,0,0,0,0,51.3372,33.0349
0.00167332,0,0,0,0,0,59.4675,33.0726
0.00933144,0,0,0,0,0,36.2356,33.0771
0.00205493,0,0,0,0,0,40.7384,33.088
0.00166731,0,0,0,0,0,51.2138,33.1137
0.00162534,0,0,0,0,0,47.8785,33.1346
0.00159426,0,0,0,0,0,50.8049,33.1596
0.00161752,0.100976,0.0065061,0.00720499,3.073e-06,0.00868527,7.06589,33.1227
0.00170628,0,0,0,0,0,51.7088,33.149
0.00167709,0,0,0,0,0,50.3808,33.1732
0.00160334,0,0,0,0,0,54.8003,33.2036
0.00231949,0,0,0,0,0,45.706,33.2212
0.00196462,0,0,0,0,0,48.0288,33.242
0.00312734,0,0,0,0,0,47.2481,33.2616
0.00167653,0.119304,0.006495,0.0064466,3.073e-06,0.0091215,6.24754,33.2238
0.00207022,0.112427,0.00672945,0.00914064,2.794e-06,0.00868541,6.13885,33.186
0.00160369,0.0135033,0.00315834,0.123189,2.374e-06,0,6.32004,33.1485
0.00168044,0.114069,0.00666275,0.0206539,3.282e-06,0.00867019,5.9992,33.1107
0.0016025,0.111273,0.00642795,0.0173352,2.863e-06,0.00868549,6.10046,33.0731
0.00160906,0.121945,0.00716784,0.00765268,2.794e-06,0.0086579,5.99337,33.0355
0.00159265,0.117918,0.00679713,0.0107771,3.143e-06,0.00906542,6.08051,32.9981
0.0016136,0.112337,0.0067731,0.0115962,3.353e-06,0.00875644,6.3589,32.9612
0.00161891,0.127266,0.00683233,0.0190871,2.863e-06,0.00866502,5.54223,32.9233
0.00157833,0.105974,0.00656128,0.0200748,2.933e-06,0.00879087,6.06509,32.8862
0.00159866,0.101376,0.00650002,0.0123458,3.353e-06,0.00868597,6.74828,32.8502
0.00160411,0.0975446,0.0067532,0.00973107,3.422e-06,0.00872739,7.07283,32.8147
0.00157107,0.0858949,0.00660779,0.0269074,3.073e-06,0.00868723,6.92157,32.779
0.00161283,0.091227,0.00664774,0.0304142,3.562e-06,0.00872306,6.32512,32.7427
0.00164427,0.0998696,0.00651099,0.00927816,3.353e-06,0.00883634,7.05802,32.7075
0.00235881,0.096619,0.00647349,0.021924,2.933e-06,0.00890618,6.42971,32.6715
0.00161696,0.0846981,0.00675669,0.008116,3.003e-06,0.0088663,7.81464,32.6375
0.00195198,0,0,0,0,0,58.5037,32.6728
0.00156988,0,0,0,0,0,53.3728,32.701
0.00165285,0.0906047,0.00666268,0.0079201,2.863e-06,0.00906179,7.07089,32.6661
0.00163016,0,0,0,0,0,41.513,32.6782
0.00202525,0,0,0,0,0,45.8214,32.696
0.00162757,0.015669,0.00301839,0.132853,2.654e-06,0,5.90584,32.6597
0.00207092,0,0,0,0,0,51.4904,32.6852
0.00168051,0.0988534,0.0066712,0.0109015,2.723e-06,0.00924547,7.03706,32.6505
0.00159063,0.0984838,0.00641202,0.0101105,2.933e-06,0.00885324,7.02953,32.6159
0.0018255,0.0944208,0.00713299,0.0328592,2.933e-06,0.0088471,6.16037,32.5802
0.00161109,0.103501,0.00696222,0.0220504,3.492e-06,0.00888488,6.22561,32.5446
0.00220627,0.0620207,0.00617422,0.0244799,3.003e-06,0.00902002,8.17292,32.5118
0.00341271,0.0879519,0.00617694,0.0470705,3.282e-06,0.0089272,5.898,32.4761